"id","file","tree","x","y","phi","h.dist","dbh","h","v","SS.max","sinuosity","n.pts","n.pts.red","n.pts.est","n.pts.red.est","partial.occlusion"
1,"1.txt",1,781876.245374214,183714.295321477,2.39582944816227,0.0909626235644044,22.1214954952178,15.6509998113841,0.29268333561082,0.273422958375285,1.00755808224145,1351,676.333333333333,1436,723,1
